acirillo87 = acirillo87 <none@example.com>
barthess = Uladzimir Pylinski <barthess@yandex.ru>
brian360 = brian360 <none@example.com>
ecarusi = ecarusi <none@example.com>
efti = efti <none@example.com>
florian-s = florian-s <none@example.com>
gdisirio = Giovanni Di Sirio <gdisirio@gmail.com>
inmarket = inmarket <none@example.com>
junior-q = junior-q  <none@example.com>
lbednarz = lberdnarz <none@example.com>
lzambrano = lzambrano <none@example.com>
liamstask = Liam Staskawicz <liam@stask.net>
like2wise = like2wise <none@example.com>
michelwojdaszka = michelwojdaszka <none@example.com>
pcirillo = pcirillo <none@example.com>
roccomarco = Rocco Marco Guglielmi <roccomarco.guglielmi@live.com>
spacecoaster = Derek Mulcahy <derekmulcahy@gmail.com>
theShed = theShed <none@example.com>
theshed = theshed <none@example.com>
tinito = Martino Migliavacca <martino.migliavacca@gmail.com>
trsaunders = trsaunders <none@example.com>
utzig = Fabio Utzig <utzig@utzig.org>
wan35fr = wan35fr <none@example.com>
